,DS_Struct,DS_NonStruct_DriftSen,DS_NonStruct_AccelSen,RepairCost_Total,RepairCost_Struct,RepairCost_NonStruct_DriftSen,RepairCost_NonStruct_AccelSen,RepairTime,RecoveryTime,FunctionLossTime
0,None,None,None,0.0,0.0,0.0,0.0,0,0,0.0
1,None,None,None,0.0,0.0,0.0,0.0,0,0,0.0
2,None,None,None,0.0,0.0,0.0,0.0,0,0,0.0
3,None,Slight,None,121562.754851808,0.0,121562.754851808,0.0,0,0,0.0
4,None,None,None,0.0,0.0,0.0,0.0,0,0,0.0
5,Slight,Moderate,None,621320.7470203519,40520.918283936,580799.828736416,0.0,5,10,0.0
6,None,Slight,None,121562.754851808,0.0,121562.754851808,0.0,0,0,0.0
7,Moderate,Extensive,Moderate,4322231.28361984,189097.61865836795,2876985.198159456,1256148.466802016,30,120,60.0
8,Slight,Slight,None,162083.673135744,40520.918283936,121562.754851808,0.0,5,10,0.0
9,Slight,Slight,None,162083.673135744,40520.918283936,121562.754851808,0.0,5,10,0.0
10,Complete,Complete,Complete,20260459.141968,1863962.241061056,5740463.423557599,12656033.477349345,240,960,960.0
11,Moderate,Moderate,None,769897.4473947838,189097.61865836795,580799.828736416,0.0,30,120,60.0
12,Slight,Slight,Moderate,1418232.1399377598,40520.918283936,121562.754851808,1256148.466802016,5,10,0.0
13,None,None,None,0.0,0.0,0.0,0.0,0,0,0.0
14,Slight,Slight,Slight,405209.18283936,40520.918283936,121562.754851808,243125.50970361597,5,10,0.0
15,Slight,Slight,None,162083.673135744,40520.918283936,121562.754851808,0.0,5,10,0.0
16,None,None,Slight,243125.50970361597,0.0,0.0,243125.50970361597,0,0,0.0
17,None,None,None,0.0,0.0,0.0,0.0,0,0,0.0
18,Extensive,Complete,Moderate,7928593.010890143,931981.120530528,5740463.423557599,1256148.466802016,120,480,480.0
19,None,Slight,None,121562.754851808,0.0,121562.754851808,0.0,0,0,0.0
20,None,None,None,0.0,0.0,0.0,0.0,0,0,0.0
21,Moderate,Moderate,Slight,1013022.9570983998,189097.61865836795,580799.828736416,243125.50970361597,30,120,60.0
22,None,None,None,0.0,0.0,0.0,0.0,0,0,0.0
23,None,Slight,None,121562.754851808,0.0,121562.754851808,0.0,0,0,0.0
24,None,None,None,0.0,0.0,0.0,0.0,0,0,0.0
25,None,None,None,0.0,0.0,0.0,0.0,0,0,0.0
26,Slight,Moderate,None,621320.7470203519,40520.918283936,580799.828736416,0.0,5,10,0.0
27,Slight,Moderate,Slight,864446.2567239678,40520.918283936,580799.828736416,243125.50970361597,5,10,0.0
28,Slight,Slight,None,162083.673135744,40520.918283936,121562.754851808,0.0,5,10,0.0
29,None,None,None,0.0,0.0,0.0,0.0,0,0,0.0
30,None,Slight,None,121562.754851808,0.0,121562.754851808,0.0,0,0,0.0
31,None,Slight,None,121562.754851808,0.0,121562.754851808,0.0,0,0,0.0
32,None,None,None,0.0,0.0,0.0,0.0,0,0,0.0
33,Slight,Moderate,Slight,864446.2567239678,40520.918283936,580799.828736416,243125.50970361597,5,10,0.0
34,None,None,None,0.0,0.0,0.0,0.0,0,0,0.0
35,Slight,Moderate,None,621320.7470203519,40520.918283936,580799.828736416,0.0,5,10,0.0
36,Moderate,Slight,None,310660.37351017597,189097.61865836795,121562.754851808,0.0,30,120,60.0
37,None,Moderate,Moderate,1836948.295538432,0.0,580799.828736416,1256148.466802016,0,0,0.0
38,None,Slight,None,121562.754851808,0.0,121562.754851808,0.0,0,0,0.0
39,Moderate,Slight,Slight,553785.883213792,189097.61865836795,121562.754851808,243125.50970361597,30,120,60.0
40,None,None,None,0.0,0.0,0.0,0.0,0,0,0.0
41,Moderate,Moderate,Moderate,2026045.9141967997,189097.61865836795,580799.828736416,1256148.466802016,30,120,60.0
42,None,Moderate,None,580799.828736416,0.0,580799.828736416,0.0,0,0,0.0
43,None,None,None,0.0,0.0,0.0,0.0,0,0,0.0
44,None,None,None,0.0,0.0,0.0,0.0,0,0,0.0
45,None,None,None,0.0,0.0,0.0,0.0,0,0,0.0
46,Slight,None,None,40520.918283936,40520.918283936,0.0,0.0,5,10,0.0
47,Moderate,Moderate,Slight,1013022.9570983998,189097.61865836795,580799.828736416,243125.50970361597,30,120,60.0
48,Slight,Moderate,Moderate,1877469.2138223678,40520.918283936,580799.828736416,1256148.466802016,5,10,0.0
49,Slight,Moderate,None,621320.7470203519,40520.918283936,580799.828736416,0.0,5,10,0.0
50,None,None,None,0.0,0.0,0.0,0.0,0,0,0.0
51,Moderate,Moderate,Moderate,2026045.9141967997,189097.61865836795,580799.828736416,1256148.466802016,30,120,60.0
52,Slight,Slight,Moderate,1418232.1399377598,40520.918283936,121562.754851808,1256148.466802016,5,10,0.0
53,None,Moderate,Slight,823925.338440032,0.0,580799.828736416,243125.50970361597,0,0,0.0
54,Moderate,None,None,189097.61865836795,189097.61865836795,0.0,0.0,30,120,60.0
55,Moderate,Extensive,Slight,3309208.32652144,189097.61865836795,2876985.198159456,243125.50970361597,30,120,60.0
56,None,None,None,0.0,0.0,0.0,0.0,0,0,0.0
57,None,None,None,0.0,0.0,0.0,0.0,0,0,0.0
58,None,None,None,0.0,0.0,0.0,0.0,0,0,0.0
59,Moderate,Moderate,None,769897.4473947838,189097.61865836795,580799.828736416,0.0,30,120,60.0
60,Slight,Slight,None,162083.673135744,40520.918283936,121562.754851808,0.0,5,10,0.0
61,Slight,None,None,40520.918283936,40520.918283936,0.0,0.0,5,10,0.0
62,Slight,Moderate,None,621320.7470203519,40520.918283936,580799.828736416,0.0,5,10,0.0
63,Moderate,Moderate,Moderate,2026045.9141967997,189097.61865836795,580799.828736416,1256148.466802016,30,120,60.0
64,None,Slight,None,121562.754851808,0.0,121562.754851808,0.0,0,0,0.0
65,Slight,None,None,40520.918283936,40520.918283936,0.0,0.0,5,10,0.0
66,None,None,None,0.0,0.0,0.0,0.0,0,0,0.0
67,Moderate,Extensive,Slight,3309208.32652144,189097.61865836795,2876985.198159456,243125.50970361597,30,120,60.0
68,Moderate,Moderate,Slight,1013022.9570983998,189097.61865836795,580799.828736416,243125.50970361597,30,120,60.0
69,Complete,Complete,Complete,20260459.141968,1863962.241061056,5740463.423557599,12656033.477349345,240,960,960.0
70,Slight,Slight,None,162083.673135744,40520.918283936,121562.754851808,0.0,5,10,0.0
71,Slight,None,None,40520.918283936,40520.918283936,0.0,0.0,5,10,0.0
72,Complete,Complete,Complete,20260459.141968,1863962.241061056,5740463.423557599,12656033.477349345,240,960,960.0
73,Moderate,Moderate,Slight,1013022.9570983998,189097.61865836795,580799.828736416,243125.50970361597,30,120,60.0
74,Slight,Slight,None,162083.673135744,40520.918283936,121562.754851808,0.0,5,10,0.0
75,Slight,Moderate,None,621320.7470203519,40520.918283936,580799.828736416,0.0,5,10,0.0
76,Moderate,Moderate,Slight,1013022.9570983998,189097.61865836795,580799.828736416,243125.50970361597,30,120,60.0
77,Slight,Moderate,None,621320.7470203519,40520.918283936,580799.828736416,0.0,5,10,0.0
78,Slight,Slight,None,162083.673135744,40520.918283936,121562.754851808,0.0,5,10,0.0
79,None,None,None,0.0,0.0,0.0,0.0,0,0,0.0
80,None,None,Slight,243125.50970361597,0.0,0.0,243125.50970361597,0,0,0.0
81,None,Moderate,None,580799.828736416,0.0,580799.828736416,0.0,0,0,0.0
82,None,None,None,0.0,0.0,0.0,0.0,0,0,0.0
83,Moderate,Moderate,Slight,1013022.9570983998,189097.61865836795,580799.828736416,243125.50970361597,30,120,60.0
84,Slight,Slight,None,162083.673135744,40520.918283936,121562.754851808,0.0,5,10,0.0
85,Slight,None,None,40520.918283936,40520.918283936,0.0,0.0,5,10,0.0
86,Slight,Moderate,Slight,864446.2567239678,40520.918283936,580799.828736416,243125.50970361597,5,10,0.0
87,Moderate,Slight,None,310660.37351017597,189097.61865836795,121562.754851808,0.0,30,120,60.0
88,None,Slight,None,121562.754851808,0.0,121562.754851808,0.0,0,0,0.0
89,Slight,Moderate,None,621320.7470203519,40520.918283936,580799.828736416,0.0,5,10,0.0
90,None,None,None,0.0,0.0,0.0,0.0,0,0,0.0
91,Moderate,Slight,None,310660.37351017597,189097.61865836795,121562.754851808,0.0,30,120,60.0
92,None,None,None,0.0,0.0,0.0,0.0,0,0,0.0
93,None,Slight,None,121562.754851808,0.0,121562.754851808,0.0,0,0,0.0
94,Slight,None,None,40520.918283936,40520.918283936,0.0,0.0,5,10,0.0
95,None,None,None,0.0,0.0,0.0,0.0,0,0,0.0
96,Moderate,Slight,None,310660.37351017597,189097.61865836795,121562.754851808,0.0,30,120,60.0
97,None,Slight,None,121562.754851808,0.0,121562.754851808,0.0,0,0,0.0
98,None,None,None,0.0,0.0,0.0,0.0,0,0,0.0
99,None,None,None,0.0,0.0,0.0,0.0,0,0,0.0
100,None,None,None,0.0,0.0,0.0,0.0,0,0,0.0
101,None,None,None,0.0,0.0,0.0,0.0,0,0,0.0
102,None,None,None,0.0,0.0,0.0,0.0,0,0,0.0
103,Slight,None,None,40520.918283936,40520.918283936,0.0,0.0,5,10,0.0
104,None,None,None,0.0,0.0,0.0,0.0,0,0,0.0
105,Moderate,Extensive,Slight,3309208.32652144,189097.61865836795,2876985.198159456,243125.50970361597,30,120,60.0
106,None,None,None,0.0,0.0,0.0,0.0,0,0,0.0
107,None,None,None,0.0,0.0,0.0,0.0,0,0,0.0
108,Slight,Slight,None,162083.673135744,40520.918283936,121562.754851808,0.0,5,10,0.0
109,Moderate,Complete,Moderate,7185709.5090179825,189097.61865836795,5740463.423557599,1256148.466802016,30,120,60.0
110,Moderate,Slight,Slight,553785.883213792,189097.61865836795,121562.754851808,243125.50970361597,30,120,60.0
111,Slight,Slight,Slight,405209.18283936,40520.918283936,121562.754851808,243125.50970361597,5,10,0.0
112,Slight,None,None,40520.918283936,40520.918283936,0.0,0.0,5,10,0.0
113,Slight,Slight,Slight,405209.18283936,40520.918283936,121562.754851808,243125.50970361597,5,10,0.0
114,None,None,None,0.0,0.0,0.0,0.0,0,0,0.0
115,Moderate,None,None,189097.61865836795,189097.61865836795,0.0,0.0,30,120,60.0
116,Complete,Complete,Complete,20260459.141968,1863962.241061056,5740463.423557599,12656033.477349345,240,960,960.0
117,None,None,Slight,243125.50970361597,0.0,0.0,243125.50970361597,0,0,0.0
118,Slight,Slight,None,162083.673135744,40520.918283936,121562.754851808,0.0,5,10,0.0
119,None,None,None,0.0,0.0,0.0,0.0,0,0,0.0
120,Slight,Slight,None,162083.673135744,40520.918283936,121562.754851808,0.0,5,10,0.0
121,None,None,None,0.0,0.0,0.0,0.0,0,0,0.0
122,Moderate,Complete,Slight,6172686.551919582,189097.61865836795,5740463.423557599,243125.50970361597,30,120,60.0
123,Moderate,Moderate,Slight,1013022.9570983998,189097.61865836795,580799.828736416,243125.50970361597,30,120,60.0
124,None,Slight,None,121562.754851808,0.0,121562.754851808,0.0,0,0,0.0
125,None,None,None,0.0,0.0,0.0,0.0,0,0,0.0
126,Moderate,Slight,Slight,553785.883213792,189097.61865836795,121562.754851808,243125.50970361597,30,120,60.0
127,None,None,None,0.0,0.0,0.0,0.0,0,0,0.0
128,Slight,Moderate,None,621320.7470203519,40520.918283936,580799.828736416,0.0,5,10,0.0
129,None,None,None,0.0,0.0,0.0,0.0,0,0,0.0
130,None,None,None,0.0,0.0,0.0,0.0,0,0,0.0
131,Extensive,Complete,Moderate,7928593.010890143,931981.120530528,5740463.423557599,1256148.466802016,120,480,480.0
132,Slight,Moderate,None,621320.7470203519,40520.918283936,580799.828736416,0.0,5,10,0.0
133,None,None,None,0.0,0.0,0.0,0.0,0,0,0.0
134,None,Slight,None,121562.754851808,0.0,121562.754851808,0.0,0,0,0.0
135,Complete,Complete,Complete,20260459.141968,1863962.241061056,5740463.423557599,12656033.477349345,240,960,960.0
136,None,None,None,0.0,0.0,0.0,0.0,0,0,0.0
137,None,None,None,0.0,0.0,0.0,0.0,0,0,0.0
138,Moderate,Moderate,None,769897.4473947838,189097.61865836795,580799.828736416,0.0,30,120,60.0
139,Slight,Slight,None,162083.673135744,40520.918283936,121562.754851808,0.0,5,10,0.0
140,None,None,None,0.0,0.0,0.0,0.0,0,0,0.0
141,Complete,Complete,Complete,20260459.141968,1863962.241061056,5740463.423557599,12656033.477349345,240,960,960.0
142,Slight,Slight,None,162083.673135744,40520.918283936,121562.754851808,0.0,5,10,0.0
143,None,None,None,0.0,0.0,0.0,0.0,0,0,0.0
144,Slight,Slight,None,162083.673135744,40520.918283936,121562.754851808,0.0,5,10,0.0
145,None,None,Slight,243125.50970361597,0.0,0.0,243125.50970361597,0,0,0.0
146,None,None,None,0.0,0.0,0.0,0.0,0,0,0.0
147,Slight,None,None,40520.918283936,40520.918283936,0.0,0.0,5,10,0.0
148,Slight,Slight,None,162083.673135744,40520.918283936,121562.754851808,0.0,5,10,0.0
149,Slight,None,None,40520.918283936,40520.918283936,0.0,0.0,5,10,0.0
150,None,None,None,0.0,0.0,0.0,0.0,0,0,0.0
151,Moderate,Moderate,Slight,1013022.9570983998,189097.61865836795,580799.828736416,243125.50970361597,30,120,60.0
152,None,None,None,0.0,0.0,0.0,0.0,0,0,0.0
153,None,Slight,None,121562.754851808,0.0,121562.754851808,0.0,0,0,0.0
154,None,None,None,0.0,0.0,0.0,0.0,0,0,0.0
155,None,None,None,0.0,0.0,0.0,0.0,0,0,0.0
156,None,None,None,0.0,0.0,0.0,0.0,0,0,0.0
157,Slight,None,None,40520.918283936,40520.918283936,0.0,0.0,5,10,0.0
158,Slight,None,None,40520.918283936,40520.918283936,0.0,0.0,5,10,0.0
159,None,Moderate,None,580799.828736416,0.0,580799.828736416,0.0,0,0,0.0
160,Slight,Slight,Slight,405209.18283936,40520.918283936,121562.754851808,243125.50970361597,5,10,0.0
161,None,None,None,0.0,0.0,0.0,0.0,0,0,0.0
162,None,None,None,0.0,0.0,0.0,0.0,0,0,0.0
163,Slight,Moderate,None,621320.7470203519,40520.918283936,580799.828736416,0.0,5,10,0.0
164,Slight,Moderate,Slight,864446.2567239678,40520.918283936,580799.828736416,243125.50970361597,5,10,0.0
165,Moderate,Slight,Moderate,1566808.8403121918,189097.61865836795,121562.754851808,1256148.466802016,30,120,60.0
166,Slight,None,None,40520.918283936,40520.918283936,0.0,0.0,5,10,0.0
167,None,None,None,0.0,0.0,0.0,0.0,0,0,0.0
168,None,None,None,0.0,0.0,0.0,0.0,0,0,0.0
169,Slight,Moderate,Slight,864446.2567239678,40520.918283936,580799.828736416,243125.50970361597,5,10,0.0
170,None,None,None,0.0,0.0,0.0,0.0,0,0,0.0
171,None,None,Slight,243125.50970361597,0.0,0.0,243125.50970361597,0,0,0.0
172,None,None,None,0.0,0.0,0.0,0.0,0,0,0.0
173,Moderate,Extensive,Slight,3309208.32652144,189097.61865836795,2876985.198159456,243125.50970361597,30,120,60.0
174,Moderate,Moderate,Moderate,2026045.9141967997,189097.61865836795,580799.828736416,1256148.466802016,30,120,60.0
175,None,None,None,0.0,0.0,0.0,0.0,0,0,0.0
176,Slight,Slight,None,162083.673135744,40520.918283936,121562.754851808,0.0,5,10,0.0
177,None,None,None,0.0,0.0,0.0,0.0,0,0,0.0
178,None,Slight,None,121562.754851808,0.0,121562.754851808,0.0,0,0,0.0
179,Complete,Complete,Complete,20260459.141968,1863962.241061056,5740463.423557599,12656033.477349345,240,960,960.0
180,Moderate,Moderate,None,769897.4473947838,189097.61865836795,580799.828736416,0.0,30,120,60.0
181,Slight,Slight,None,162083.673135744,40520.918283936,121562.754851808,0.0,5,10,0.0
182,None,None,None,0.0,0.0,0.0,0.0,0,0,0.0
183,Slight,None,None,40520.918283936,40520.918283936,0.0,0.0,5,10,0.0
184,Slight,Moderate,None,621320.7470203519,40520.918283936,580799.828736416,0.0,5,10,0.0
185,Moderate,None,Slight,432223.1283619839,189097.61865836795,0.0,243125.50970361597,30,120,60.0
186,Slight,None,None,40520.918283936,40520.918283936,0.0,0.0,5,10,0.0
187,Moderate,Moderate,None,769897.4473947838,189097.61865836795,580799.828736416,0.0,30,120,60.0
188,None,Slight,None,121562.754851808,0.0,121562.754851808,0.0,0,0,0.0
189,Slight,Slight,None,162083.673135744,40520.918283936,121562.754851808,0.0,5,10,0.0
190,None,None,None,0.0,0.0,0.0,0.0,0,0,0.0
191,Slight,Moderate,None,621320.7470203519,40520.918283936,580799.828736416,0.0,5,10,0.0
192,Slight,Moderate,None,621320.7470203519,40520.918283936,580799.828736416,0.0,5,10,0.0
193,None,None,None,0.0,0.0,0.0,0.0,0,0,0.0
194,Slight,None,None,40520.918283936,40520.918283936,0.0,0.0,5,10,0.0
195,None,Slight,None,121562.754851808,0.0,121562.754851808,0.0,0,0,0.0
196,Slight,Slight,None,162083.673135744,40520.918283936,121562.754851808,0.0,5,10,0.0
197,Moderate,Slight,Moderate,1566808.8403121918,189097.61865836795,121562.754851808,1256148.466802016,30,120,60.0
198,Slight,Slight,None,162083.673135744,40520.918283936,121562.754851808,0.0,5,10,0.0
199,None,None,None,0.0,0.0,0.0,0.0,0,0,0.0
200,None,None,None,0.0,0.0,0.0,0.0,0,0,0.0
201,Slight,None,None,40520.918283936,40520.918283936,0.0,0.0,5,10,0.0
202,Slight,Slight,Slight,405209.18283936,40520.918283936,121562.754851808,243125.50970361597,5,10,0.0
203,Moderate,Extensive,None,3066082.816817824,189097.61865836795,2876985.198159456,0.0,30,120,60.0
204,Moderate,Extensive,Moderate,4322231.28361984,189097.61865836795,2876985.198159456,1256148.466802016,30,120,60.0
205,Slight,Slight,None,162083.673135744,40520.918283936,121562.754851808,0.0,5,10,0.0
206,Slight,Moderate,None,621320.7470203519,40520.918283936,580799.828736416,0.0,5,10,0.0
207,None,None,None,0.0,0.0,0.0,0.0,0,0,0.0
208,Slight,Moderate,Slight,864446.2567239678,40520.918283936,580799.828736416,243125.50970361597,5,10,0.0
209,Moderate,Moderate,Moderate,2026045.9141967997,189097.61865836795,580799.828736416,1256148.466802016,30,120,60.0
210,None,Slight,None,121562.754851808,0.0,121562.754851808,0.0,0,0,0.0
211,Slight,None,None,40520.918283936,40520.918283936,0.0,0.0,5,10,0.0
212,Slight,None,Moderate,1296669.385085952,40520.918283936,0.0,1256148.466802016,5,10,0.0
213,None,None,None,0.0,0.0,0.0,0.0,0,0,0.0
214,Slight,Moderate,Moderate,1877469.2138223678,40520.918283936,580799.828736416,1256148.466802016,5,10,0.0
215,Slight,Moderate,Moderate,1877469.2138223678,40520.918283936,580799.828736416,1256148.466802016,5,10,0.0
216,Slight,Slight,None,162083.673135744,40520.918283936,121562.754851808,0.0,5,10,0.0
217,None,None,None,0.0,0.0,0.0,0.0,0,0,0.0
218,Slight,None,None,40520.918283936,40520.918283936,0.0,0.0,5,10,0.0
219,None,Slight,Slight,364688.264555424,0.0,121562.754851808,243125.50970361597,0,0,0.0
220,None,None,None,0.0,0.0,0.0,0.0,0,0,0.0
221,Slight,Slight,None,162083.673135744,40520.918283936,121562.754851808,0.0,5,10,0.0
222,None,None,None,0.0,0.0,0.0,0.0,0,0,0.0
223,Slight,Slight,None,162083.673135744,40520.918283936,121562.754851808,0.0,5,10,0.0
224,None,None,None,0.0,0.0,0.0,0.0,0,0,0.0
225,None,None,None,0.0,0.0,0.0,0.0,0,0,0.0
226,Slight,Slight,None,162083.673135744,40520.918283936,121562.754851808,0.0,5,10,0.0
227,None,None,None,0.0,0.0,0.0,0.0,0,0,0.0
228,Moderate,Extensive,Slight,3309208.32652144,189097.61865836795,2876985.198159456,243125.50970361597,30,120,60.0
229,Slight,None,None,40520.918283936,40520.918283936,0.0,0.0,5,10,0.0
230,Slight,None,None,40520.918283936,40520.918283936,0.0,0.0,5,10,0.0
231,Moderate,Moderate,None,769897.4473947838,189097.61865836795,580799.828736416,0.0,30,120,60.0
232,None,None,None,0.0,0.0,0.0,0.0,0,0,0.0
233,Slight,Moderate,None,621320.7470203519,40520.918283936,580799.828736416,0.0,5,10,0.0
234,Slight,None,None,40520.918283936,40520.918283936,0.0,0.0,5,10,0.0
235,Slight,Moderate,None,621320.7470203519,40520.918283936,580799.828736416,0.0,5,10,0.0
236,None,None,None,0.0,0.0,0.0,0.0,0,0,0.0
237,Slight,None,None,40520.918283936,40520.918283936,0.0,0.0,5,10,0.0
238,None,Slight,None,121562.754851808,0.0,121562.754851808,0.0,0,0,0.0
239,Slight,None,None,40520.918283936,40520.918283936,0.0,0.0,5,10,0.0
240,Slight,None,Slight,283646.42798755196,40520.918283936,0.0,243125.50970361597,5,10,0.0
241,Slight,Moderate,Slight,864446.2567239678,40520.918283936,580799.828736416,243125.50970361597,5,10,0.0
242,Slight,Slight,None,162083.673135744,40520.918283936,121562.754851808,0.0,5,10,0.0
243,None,None,None,0.0,0.0,0.0,0.0,0,0,0.0
244,Moderate,Slight,Slight,553785.883213792,189097.61865836795,121562.754851808,243125.50970361597,30,120,60.0
245,Slight,None,Slight,283646.42798755196,40520.918283936,0.0,243125.50970361597,5,10,0.0
246,Slight,Moderate,Slight,864446.2567239678,40520.918283936,580799.828736416,243125.50970361597,5,10,0.0
247,Slight,None,None,40520.918283936,40520.918283936,0.0,0.0,5,10,0.0
248,Moderate,Slight,None,310660.37351017597,189097.61865836795,121562.754851808,0.0,30,120,60.0
249,Extensive,Extensive,Slight,4052091.8283936,931981.120530528,2876985.198159456,243125.50970361597,120,480,480.0
250,None,None,None,0.0,0.0,0.0,0.0,0,0,0.0
251,None,None,None,0.0,0.0,0.0,0.0,0,0,0.0
252,None,None,None,0.0,0.0,0.0,0.0,0,0,0.0
253,Slight,Moderate,None,621320.7470203519,40520.918283936,580799.828736416,0.0,5,10,0.0
254,None,None,None,0.0,0.0,0.0,0.0,0,0,0.0
255,Slight,None,None,40520.918283936,40520.918283936,0.0,0.0,5,10,0.0
256,None,Slight,None,121562.754851808,0.0,121562.754851808,0.0,0,0,0.0
257,Slight,Moderate,Slight,864446.2567239678,40520.918283936,580799.828736416,243125.50970361597,5,10,0.0
258,None,None,None,0.0,0.0,0.0,0.0,0,0,0.0
259,Moderate,Moderate,Slight,1013022.9570983998,189097.61865836795,580799.828736416,243125.50970361597,30,120,60.0
260,Slight,Moderate,None,621320.7470203519,40520.918283936,580799.828736416,0.0,5,10,0.0
261,None,Slight,None,121562.754851808,0.0,121562.754851808,0.0,0,0,0.0
262,Slight,Moderate,None,621320.7470203519,40520.918283936,580799.828736416,0.0,5,10,0.0
263,Slight,Slight,None,162083.673135744,40520.918283936,121562.754851808,0.0,5,10,0.0
264,None,None,None,0.0,0.0,0.0,0.0,0,0,0.0
265,None,None,None,0.0,0.0,0.0,0.0,0,0,0.0
266,None,None,None,0.0,0.0,0.0,0.0,0,0,0.0
267,None,None,None,0.0,0.0,0.0,0.0,0,0,0.0
268,None,None,None,0.0,0.0,0.0,0.0,0,0,0.0
269,None,Slight,None,121562.754851808,0.0,121562.754851808,0.0,0,0,0.0
270,None,None,None,0.0,0.0,0.0,0.0,0,0,0.0
271,None,None,None,0.0,0.0,0.0,0.0,0,0,0.0
272,None,Slight,None,121562.754851808,0.0,121562.754851808,0.0,0,0,0.0
273,Moderate,Moderate,Moderate,2026045.9141967997,189097.61865836795,580799.828736416,1256148.466802016,30,120,60.0
274,Moderate,Moderate,None,769897.4473947838,189097.61865836795,580799.828736416,0.0,30,120,60.0
275,Moderate,Slight,None,310660.37351017597,189097.61865836795,121562.754851808,0.0,30,120,60.0
276,Slight,Moderate,None,621320.7470203519,40520.918283936,580799.828736416,0.0,5,10,0.0
277,None,Moderate,Slight,823925.338440032,0.0,580799.828736416,243125.50970361597,0,0,0.0
278,Slight,Slight,Extensive,5308240.295195616,40520.918283936,121562.754851808,5146156.622059871,5,10,0.0
279,Slight,Moderate,None,621320.7470203519,40520.918283936,580799.828736416,0.0,5,10,0.0
280,None,None,None,0.0,0.0,0.0,0.0,0,0,0.0
281,None,None,None,0.0,0.0,0.0,0.0,0,0,0.0
282,None,None,None,0.0,0.0,0.0,0.0,0,0,0.0
283,None,None,None,0.0,0.0,0.0,0.0,0,0,0.0
284,Slight,None,None,40520.918283936,40520.918283936,0.0,0.0,5,10,0.0
285,Slight,None,None,40520.918283936,40520.918283936,0.0,0.0,5,10,0.0
286,None,None,None,0.0,0.0,0.0,0.0,0,0,0.0
287,None,None,None,0.0,0.0,0.0,0.0,0,0,0.0
288,None,None,None,0.0,0.0,0.0,0.0,0,0,0.0
289,Slight,None,None,40520.918283936,40520.918283936,0.0,0.0,5,10,0.0
290,Moderate,Moderate,None,769897.4473947838,189097.61865836795,580799.828736416,0.0,30,120,60.0
291,None,None,None,0.0,0.0,0.0,0.0,0,0,0.0
292,None,None,None,0.0,0.0,0.0,0.0,0,0,0.0
293,Moderate,Moderate,Extensive,5916054.069454655,189097.61865836795,580799.828736416,5146156.622059871,30,120,60.0
294,None,None,None,0.0,0.0,0.0,0.0,0,0,0.0
295,None,Slight,None,121562.754851808,0.0,121562.754851808,0.0,0,0,0.0
296,Moderate,Slight,None,310660.37351017597,189097.61865836795,121562.754851808,0.0,30,120,60.0
297,Slight,Moderate,None,621320.7470203519,40520.918283936,580799.828736416,0.0,5,10,0.0
298,None,None,None,0.0,0.0,0.0,0.0,0,0,0.0
299,None,None,None,0.0,0.0,0.0,0.0,0,0,0.0
300,Slight,Moderate,Slight,864446.2567239678,40520.918283936,580799.828736416,243125.50970361597,5,10,0.0
301,Slight,None,None,40520.918283936,40520.918283936,0.0,0.0,5,10,0.0
302,None,Slight,None,121562.754851808,0.0,121562.754851808,0.0,0,0,0.0
303,None,None,None,0.0,0.0,0.0,0.0,0,0,0.0
304,None,None,Slight,243125.50970361597,0.0,0.0,243125.50970361597,0,0,0.0
305,Slight,Moderate,Moderate,1877469.2138223678,40520.918283936,580799.828736416,1256148.466802016,5,10,0.0
306,Slight,Moderate,None,621320.7470203519,40520.918283936,580799.828736416,0.0,5,10,0.0
307,Slight,Moderate,Extensive,5767477.369080223,40520.918283936,580799.828736416,5146156.622059871,5,10,0.0
308,Slight,None,None,40520.918283936,40520.918283936,0.0,0.0,5,10,0.0
309,None,Slight,Slight,364688.264555424,0.0,121562.754851808,243125.50970361597,0,0,0.0
310,Moderate,Slight,None,310660.37351017597,189097.61865836795,121562.754851808,0.0,30,120,60.0
311,None,None,None,0.0,0.0,0.0,0.0,0,0,0.0
312,Slight,None,None,40520.918283936,40520.918283936,0.0,0.0,5,10,0.0
313,Slight,Slight,Moderate,1418232.1399377598,40520.918283936,121562.754851808,1256148.466802016,5,10,0.0
314,Slight,Extensive,Slight,3160631.626147008,40520.918283936,2876985.198159456,243125.50970361597,5,10,0.0
315,Slight,Moderate,None,621320.7470203519,40520.918283936,580799.828736416,0.0,5,10,0.0
316,Moderate,Moderate,Slight,1013022.9570983998,189097.61865836795,580799.828736416,243125.50970361597,30,120,60.0
317,None,Slight,Slight,364688.264555424,0.0,121562.754851808,243125.50970361597,0,0,0.0
318,None,None,None,0.0,0.0,0.0,0.0,0,0,0.0
319,Moderate,Slight,Moderate,1566808.8403121918,189097.61865836795,121562.754851808,1256148.466802016,30,120,60.0
320,Slight,Moderate,None,621320.7470203519,40520.918283936,580799.828736416,0.0,5,10,0.0
321,Slight,Slight,None,162083.673135744,40520.918283936,121562.754851808,0.0,5,10,0.0
322,Slight,Moderate,Slight,864446.2567239678,40520.918283936,580799.828736416,243125.50970361597,5,10,0.0
323,Slight,None,None,40520.918283936,40520.918283936,0.0,0.0,5,10,0.0
324,Slight,None,None,40520.918283936,40520.918283936,0.0,0.0,5,10,0.0
325,None,None,None,0.0,0.0,0.0,0.0,0,0,0.0
326,Moderate,Slight,None,310660.37351017597,189097.61865836795,121562.754851808,0.0,30,120,60.0
327,None,None,None,0.0,0.0,0.0,0.0,0,0,0.0
328,Slight,Slight,None,162083.673135744,40520.918283936,121562.754851808,0.0,5,10,0.0
329,Slight,Slight,Slight,405209.18283936,40520.918283936,121562.754851808,243125.50970361597,5,10,0.0
330,Slight,None,None,40520.918283936,40520.918283936,0.0,0.0,5,10,0.0
331,Moderate,Moderate,None,769897.4473947838,189097.61865836795,580799.828736416,0.0,30,120,60.0
332,Slight,Moderate,None,621320.7470203519,40520.918283936,580799.828736416,0.0,5,10,0.0
333,None,None,None,0.0,0.0,0.0,0.0,0,0,0.0
334,Slight,None,None,40520.918283936,40520.918283936,0.0,0.0,5,10,0.0
335,None,None,None,0.0,0.0,0.0,0.0,0,0,0.0
336,Slight,None,None,40520.918283936,40520.918283936,0.0,0.0,5,10,0.0
337,Extensive,Moderate,Slight,1755906.45897056,931981.120530528,580799.828736416,243125.50970361597,120,480,480.0
338,None,None,None,0.0,0.0,0.0,0.0,0,0,0.0
339,Slight,Slight,None,162083.673135744,40520.918283936,121562.754851808,0.0,5,10,0.0
340,None,None,None,0.0,0.0,0.0,0.0,0,0,0.0
341,None,None,None,0.0,0.0,0.0,0.0,0,0,0.0
342,None,Slight,None,121562.754851808,0.0,121562.754851808,0.0,0,0,0.0
343,Moderate,Extensive,None,3066082.816817824,189097.61865836795,2876985.198159456,0.0,30,120,60.0
344,Slight,Moderate,None,621320.7470203519,40520.918283936,580799.828736416,0.0,5,10,0.0
345,None,None,None,0.0,0.0,0.0,0.0,0,0,0.0
346,Slight,Slight,Slight,405209.18283936,40520.918283936,121562.754851808,243125.50970361597,5,10,0.0
347,None,None,None,0.0,0.0,0.0,0.0,0,0,0.0
348,None,None,None,0.0,0.0,0.0,0.0,0,0,0.0
349,Slight,Slight,None,162083.673135744,40520.918283936,121562.754851808,0.0,5,10,0.0
350,None,None,None,0.0,0.0,0.0,0.0,0,0,0.0
351,Slight,Slight,Slight,405209.18283936,40520.918283936,121562.754851808,243125.50970361597,5,10,0.0
352,Slight,Slight,Slight,405209.18283936,40520.918283936,121562.754851808,243125.50970361597,5,10,0.0
353,None,None,None,0.0,0.0,0.0,0.0,0,0,0.0
354,None,None,None,0.0,0.0,0.0,0.0,0,0,0.0
355,None,None,None,0.0,0.0,0.0,0.0,0,0,0.0
356,None,None,None,0.0,0.0,0.0,0.0,0,0,0.0
357,None,Slight,None,121562.754851808,0.0,121562.754851808,0.0,0,0,0.0
358,Slight,Slight,None,162083.673135744,40520.918283936,121562.754851808,0.0,5,10,0.0
359,Moderate,Slight,None,310660.37351017597,189097.61865836795,121562.754851808,0.0,30,120,60.0
360,None,None,None,0.0,0.0,0.0,0.0,0,0,0.0
361,None,None,None,0.0,0.0,0.0,0.0,0,0,0.0
362,Moderate,Moderate,Extensive,5916054.069454655,189097.61865836795,580799.828736416,5146156.622059871,30,120,60.0
363,Slight,Slight,None,162083.673135744,40520.918283936,121562.754851808,0.0,5,10,0.0
364,None,Moderate,None,580799.828736416,0.0,580799.828736416,0.0,0,0,0.0
365,Slight,Slight,Slight,405209.18283936,40520.918283936,121562.754851808,243125.50970361597,5,10,0.0
366,Slight,Moderate,None,621320.7470203519,40520.918283936,580799.828736416,0.0,5,10,0.0
367,Slight,Moderate,None,621320.7470203519,40520.918283936,580799.828736416,0.0,5,10,0.0
368,Moderate,Extensive,Moderate,4322231.28361984,189097.61865836795,2876985.198159456,1256148.466802016,30,120,60.0
369,None,None,None,0.0,0.0,0.0,0.0,0,0,0.0
370,Slight,None,None,40520.918283936,40520.918283936,0.0,0.0,5,10,0.0
371,Moderate,Moderate,Slight,1013022.9570983998,189097.61865836795,580799.828736416,243125.50970361597,30,120,60.0
372,None,None,None,0.0,0.0,0.0,0.0,0,0,0.0
373,Slight,Moderate,None,621320.7470203519,40520.918283936,580799.828736416,0.0,5,10,0.0
374,Moderate,Slight,Moderate,1566808.8403121918,189097.61865836795,121562.754851808,1256148.466802016,30,120,60.0
375,Slight,Moderate,Moderate,1877469.2138223678,40520.918283936,580799.828736416,1256148.466802016,5,10,0.0
376,Slight,Slight,Slight,405209.18283936,40520.918283936,121562.754851808,243125.50970361597,5,10,0.0
377,Slight,Moderate,Slight,864446.2567239678,40520.918283936,580799.828736416,243125.50970361597,5,10,0.0
378,Slight,Slight,None,162083.673135744,40520.918283936,121562.754851808,0.0,5,10,0.0
379,None,None,Slight,243125.50970361597,0.0,0.0,243125.50970361597,0,0,0.0
380,Slight,Slight,None,162083.673135744,40520.918283936,121562.754851808,0.0,5,10,0.0
381,Moderate,None,None,189097.61865836795,189097.61865836795,0.0,0.0,30,120,60.0
382,Slight,Slight,None,162083.673135744,40520.918283936,121562.754851808,0.0,5,10,0.0
383,None,None,None,0.0,0.0,0.0,0.0,0,0,0.0
384,None,None,None,0.0,0.0,0.0,0.0,0,0,0.0
385,Slight,None,None,40520.918283936,40520.918283936,0.0,0.0,5,10,0.0
386,None,Slight,Slight,364688.264555424,0.0,121562.754851808,243125.50970361597,0,0,0.0
387,Slight,Slight,None,162083.673135744,40520.918283936,121562.754851808,0.0,5,10,0.0
388,Slight,Moderate,None,621320.7470203519,40520.918283936,580799.828736416,0.0,5,10,0.0
389,None,None,None,0.0,0.0,0.0,0.0,0,0,0.0
390,Slight,Moderate,Slight,864446.2567239678,40520.918283936,580799.828736416,243125.50970361597,5,10,0.0
391,Slight,Moderate,None,621320.7470203519,40520.918283936,580799.828736416,0.0,5,10,0.0
392,Slight,Moderate,Slight,864446.2567239678,40520.918283936,580799.828736416,243125.50970361597,5,10,0.0
393,Slight,Slight,None,162083.673135744,40520.918283936,121562.754851808,0.0,5,10,0.0
394,None,None,None,0.0,0.0,0.0,0.0,0,0,0.0
395,Slight,Slight,None,162083.673135744,40520.918283936,121562.754851808,0.0,5,10,0.0
396,Slight,Slight,Slight,405209.18283936,40520.918283936,121562.754851808,243125.50970361597,5,10,0.0
397,Complete,Complete,Complete,20260459.141968,1863962.241061056,5740463.423557599,12656033.477349345,240,960,960.0
398,None,None,None,0.0,0.0,0.0,0.0,0,0,0.0
399,Slight,Slight,None,162083.673135744,40520.918283936,121562.754851808,0.0,5,10,0.0
400,None,None,None,0.0,0.0,0.0,0.0,0,0,0.0
401,Slight,Moderate,None,621320.7470203519,40520.918283936,580799.828736416,0.0,5,10,0.0
402,Slight,None,None,40520.918283936,40520.918283936,0.0,0.0,5,10,0.0
403,None,None,None,0.0,0.0,0.0,0.0,0,0,0.0
404,Slight,None,Moderate,1296669.385085952,40520.918283936,0.0,1256148.466802016,5,10,0.0
405,None,None,None,0.0,0.0,0.0,0.0,0,0,0.0
406,Slight,None,None,40520.918283936,40520.918283936,0.0,0.0,5,10,0.0
407,Slight,None,None,40520.918283936,40520.918283936,0.0,0.0,5,10,0.0
408,Slight,None,Slight,283646.42798755196,40520.918283936,0.0,243125.50970361597,5,10,0.0
409,Moderate,Moderate,Moderate,2026045.9141967997,189097.61865836795,580799.828736416,1256148.466802016,30,120,60.0
410,Moderate,Slight,Moderate,1566808.8403121918,189097.61865836795,121562.754851808,1256148.466802016,30,120,60.0
411,None,None,None,0.0,0.0,0.0,0.0,0,0,0.0
412,None,None,None,0.0,0.0,0.0,0.0,0,0,0.0
413,Slight,Slight,None,162083.673135744,40520.918283936,121562.754851808,0.0,5,10,0.0
414,Slight,None,None,40520.918283936,40520.918283936,0.0,0.0,5,10,0.0
415,Moderate,Moderate,Moderate,2026045.9141967997,189097.61865836795,580799.828736416,1256148.466802016,30,120,60.0
416,None,None,None,0.0,0.0,0.0,0.0,0,0,0.0
417,None,None,None,0.0,0.0,0.0,0.0,0,0,0.0
418,None,Slight,None,121562.754851808,0.0,121562.754851808,0.0,0,0,0.0
419,Slight,None,None,40520.918283936,40520.918283936,0.0,0.0,5,10,0.0
420,Slight,Slight,Slight,405209.18283936,40520.918283936,121562.754851808,243125.50970361597,5,10,0.0
421,None,None,None,0.0,0.0,0.0,0.0,0,0,0.0
422,None,None,None,0.0,0.0,0.0,0.0,0,0,0.0
423,Moderate,None,Slight,432223.1283619839,189097.61865836795,0.0,243125.50970361597,30,120,60.0
424,None,Slight,None,121562.754851808,0.0,121562.754851808,0.0,0,0,0.0
425,Slight,Moderate,Slight,864446.2567239678,40520.918283936,580799.828736416,243125.50970361597,5,10,0.0
426,Moderate,None,None,189097.61865836795,189097.61865836795,0.0,0.0,30,120,60.0
427,Slight,Slight,None,162083.673135744,40520.918283936,121562.754851808,0.0,5,10,0.0
428,Slight,Slight,None,162083.673135744,40520.918283936,121562.754851808,0.0,5,10,0.0
429,Slight,Slight,None,162083.673135744,40520.918283936,121562.754851808,0.0,5,10,0.0
430,None,None,None,0.0,0.0,0.0,0.0,0,0,0.0
431,Slight,Slight,None,162083.673135744,40520.918283936,121562.754851808,0.0,5,10,0.0
432,None,None,None,0.0,0.0,0.0,0.0,0,0,0.0
433,None,None,None,0.0,0.0,0.0,0.0,0,0,0.0
434,Slight,None,None,40520.918283936,40520.918283936,0.0,0.0,5,10,0.0
435,None,None,None,0.0,0.0,0.0,0.0,0,0,0.0
436,None,None,None,0.0,0.0,0.0,0.0,0,0,0.0
437,Slight,Slight,None,162083.673135744,40520.918283936,121562.754851808,0.0,5,10,0.0
438,None,None,None,0.0,0.0,0.0,0.0,0,0,0.0
439,None,Moderate,None,580799.828736416,0.0,580799.828736416,0.0,0,0,0.0
440,Slight,Moderate,Slight,864446.2567239678,40520.918283936,580799.828736416,243125.50970361597,5,10,0.0
441,Slight,Slight,None,162083.673135744,40520.918283936,121562.754851808,0.0,5,10,0.0
442,None,Slight,Moderate,1377711.221653824,0.0,121562.754851808,1256148.466802016,0,0,0.0
443,None,None,None,0.0,0.0,0.0,0.0,0,0,0.0
444,Slight,Slight,None,162083.673135744,40520.918283936,121562.754851808,0.0,5,10,0.0
445,Moderate,Moderate,Slight,1013022.9570983998,189097.61865836795,580799.828736416,243125.50970361597,30,120,60.0
446,None,Slight,Slight,364688.264555424,0.0,121562.754851808,243125.50970361597,0,0,0.0
447,Slight,Moderate,None,621320.7470203519,40520.918283936,580799.828736416,0.0,5,10,0.0
448,Complete,Complete,Complete,20260459.141968,1863962.241061056,5740463.423557599,12656033.477349345,240,960,960.0
449,Extensive,Moderate,Slight,1755906.45897056,931981.120530528,580799.828736416,243125.50970361597,120,480,480.0
450,Slight,Slight,None,162083.673135744,40520.918283936,121562.754851808,0.0,5,10,0.0
451,None,Slight,None,121562.754851808,0.0,121562.754851808,0.0,0,0,0.0
452,Moderate,Moderate,Slight,1013022.9570983998,189097.61865836795,580799.828736416,243125.50970361597,30,120,60.0
453,Slight,Slight,Slight,405209.18283936,40520.918283936,121562.754851808,243125.50970361597,5,10,0.0
454,Slight,Slight,Slight,405209.18283936,40520.918283936,121562.754851808,243125.50970361597,5,10,0.0
455,None,None,None,0.0,0.0,0.0,0.0,0,0,0.0
456,Slight,Slight,None,162083.673135744,40520.918283936,121562.754851808,0.0,5,10,0.0
457,None,None,Slight,243125.50970361597,0.0,0.0,243125.50970361597,0,0,0.0
458,Slight,Extensive,None,2917506.116443392,40520.918283936,2876985.198159456,0.0,5,10,0.0
459,Slight,Moderate,Slight,864446.2567239678,40520.918283936,580799.828736416,243125.50970361597,5,10,0.0
460,None,None,None,0.0,0.0,0.0,0.0,0,0,0.0
461,Slight,Slight,Slight,405209.18283936,40520.918283936,121562.754851808,243125.50970361597,5,10,0.0
462,None,None,None,0.0,0.0,0.0,0.0,0,0,0.0
463,None,None,None,0.0,0.0,0.0,0.0,0,0,0.0
464,Slight,Moderate,Slight,864446.2567239678,40520.918283936,580799.828736416,243125.50970361597,5,10,0.0
465,Slight,Slight,None,162083.673135744,40520.918283936,121562.754851808,0.0,5,10,0.0
466,None,None,None,0.0,0.0,0.0,0.0,0,0,0.0
467,None,None,None,0.0,0.0,0.0,0.0,0,0,0.0
468,Moderate,Moderate,None,769897.4473947838,189097.61865836795,580799.828736416,0.0,30,120,60.0
469,Moderate,Moderate,Slight,1013022.9570983998,189097.61865836795,580799.828736416,243125.50970361597,30,120,60.0
470,Slight,Slight,None,162083.673135744,40520.918283936,121562.754851808,0.0,5,10,0.0
471,None,None,None,0.0,0.0,0.0,0.0,0,0,0.0
472,None,Slight,None,121562.754851808,0.0,121562.754851808,0.0,0,0,0.0
473,Moderate,Moderate,None,769897.4473947838,189097.61865836795,580799.828736416,0.0,30,120,60.0
474,None,Moderate,Slight,823925.338440032,0.0,580799.828736416,243125.50970361597,0,0,0.0
475,None,Slight,Slight,364688.264555424,0.0,121562.754851808,243125.50970361597,0,0,0.0
476,None,Slight,Slight,364688.264555424,0.0,121562.754851808,243125.50970361597,0,0,0.0
477,Slight,None,None,40520.918283936,40520.918283936,0.0,0.0,5,10,0.0
478,None,Slight,Slight,364688.264555424,0.0,121562.754851808,243125.50970361597,0,0,0.0
479,None,None,None,0.0,0.0,0.0,0.0,0,0,0.0
480,Slight,Slight,Slight,405209.18283936,40520.918283936,121562.754851808,243125.50970361597,5,10,0.0
481,Slight,Moderate,None,621320.7470203519,40520.918283936,580799.828736416,0.0,5,10,0.0
482,Complete,Complete,Complete,20260459.141968,1863962.241061056,5740463.423557599,12656033.477349345,240,960,960.0
483,None,None,Slight,243125.50970361597,0.0,0.0,243125.50970361597,0,0,0.0
484,None,None,None,0.0,0.0,0.0,0.0,0,0,0.0
485,Complete,Complete,Complete,20260459.141968,1863962.241061056,5740463.423557599,12656033.477349345,240,960,960.0
486,None,None,Slight,243125.50970361597,0.0,0.0,243125.50970361597,0,0,0.0
487,Moderate,Moderate,Slight,1013022.9570983998,189097.61865836795,580799.828736416,243125.50970361597,30,120,60.0
488,None,Slight,None,121562.754851808,0.0,121562.754851808,0.0,0,0,0.0
489,Slight,Moderate,None,621320.7470203519,40520.918283936,580799.828736416,0.0,5,10,0.0
490,Moderate,Extensive,Slight,3309208.32652144,189097.61865836795,2876985.198159456,243125.50970361597,30,120,60.0
491,Slight,Moderate,None,621320.7470203519,40520.918283936,580799.828736416,0.0,5,10,0.0
492,None,None,None,0.0,0.0,0.0,0.0,0,0,0.0
493,Slight,Moderate,Moderate,1877469.2138223678,40520.918283936,580799.828736416,1256148.466802016,5,10,0.0
494,None,None,None,0.0,0.0,0.0,0.0,0,0,0.0
495,None,None,None,0.0,0.0,0.0,0.0,0,0,0.0
496,Slight,Slight,Slight,405209.18283936,40520.918283936,121562.754851808,243125.50970361597,5,10,0.0
497,None,None,None,0.0,0.0,0.0,0.0,0,0,0.0
498,None,None,None,0.0,0.0,0.0,0.0,0,0,0.0
499,Slight,Slight,None,162083.673135744,40520.918283936,121562.754851808,0.0,5,10,0.0
