,IM,MaxDrift,MaxAbsAccel,ResDrift
0,0.254275381565094,0.014931668829977393,2.234022328971654,0.0016685018033718655
1,0.1276422142982483,0.009300204060666995,2.078768550267107,0.0011434766516732215
2,0.04810599982738495,,,
3,0.31883102655410767,0.03055437459873766,2.667930047611627,0.006047894117246039
4,0.1452234387397766,0.0055994350864413955,1.1402109777757323,0.00023129912411316435
5,0.11882926523685455,0.00633076346148889,1.075990456846107,0.0005040362393690428
6,0.5087608695030212,0.10391194501481503,5.850434556500209,0.02048393383096363
7,0.1072632297873497,0.0045189491892416965,0.7808407040474208,0.0003185850155580501
8,0.29481661319732666,0.013678422024005734,4.2809679221255035,0.0009856943427018947
9,0.17491991817951202,0.008518057224261851,2.421120210690008,0.0007842705387215968
10,0.4068705141544342,0.01802901606792724,3.036224169571908,0.0021603522509774935
11,0.8590468764305115,0.19265019709857614,6.306843593667922,0.01986094690732669
12,0.5134785175323486,0.03794011323621881,4.6682689287108285,0.005375700058277687
13,0.07183736562728882,0.003423285157556493,0.9470095917767882,0.00035633139494522744
14,0.11923734098672867,0.00302913315150938,1.3917110976206588,0.00017089759569226216
15,0.19328084588050842,0.008014294847303422,2.6163850802708204,0.0006568900989305368
16,0.07119552046060562,0.0053717616000486315,1.6132539184145085,0.0007943676286330688
17,0.06613251566886902,0.003240525259200136,1.03080545732248,0.000236471924427545
18,0.5722004175186157,0.0939950285315402,4.232676371874838,0.0254111967024329
19,0.15731807053089142,0.010482688534793824,1.7768382087305497,0.0004279970058170445
20,0.2609700858592987,0.015427913582790808,1.6431291616072479,0.003682654852817787
21,0.6782275438308716,0.16011978129451607,4.3688267559909955,0.029432077136195937
22,0.07755590975284576,0.00751021196802846,1.0679047557481718,0.0010594348137461101
23,0.03803100809454918,,,
24,0.11426379531621933,0.004437918477702522,1.513800263745468,0.0003887574492605376
25,0.2757111191749573,0.013930371970457121,1.6697897288658725,0.0012364849821348807
26,0.352424681186676,0.008773128116149338,2.218913535073252,0.0009527946027869839
27,0.11941323429346085,0.007354066000113381,0.7114183634463059,0.0008167304032279711
28,0.16618579626083374,0.008105201479556753,1.8216125079508807,0.0007773477904352699
29,0.10153308510780334,0.006679599579109233,1.4909558959941231,0.0010803726950524277
30,0.10129202157258987,0.005180676226163783,1.3518246287990183,0.0003858307583021681
31,0.12758295238018036,0.0053651474104508936,1.6664625250649996,0.0005010208757257717
32,0.27081048488616943,0.01590881089789929,1.551707242977184,0.0010948559245279703
33,0.10452241450548172,0.0067651076525083,1.3120881663398745,0.000412651923734955
34,0.1480037122964859,0.00990605283706466,1.7421897921915686,0.0008481372859156342
35,0.11366668343544006,0.003949805361448744,0.8439720114503484,0.0002378639815566813
36,0.3674132227897644,0.03094463115412705,3.613700705168213,0.0046293322941565705
37,0.27934345602989197,0.014498811649847676,3.930930022743176,0.001195501020415785
38,0.16468067467212677,0.010482106359825067,1.783549053212966,0.0010447974357991007
39,0.22728215157985687,0.00765307937986022,2.9902442336745745,0.0004316689761687919
40,0.04562536999583244,,,
41,0.22599954903125763,0.010245346846696151,2.3112052660461146,0.0005543199056977153
42,0.03209230303764343,,,
43,0.030075205489993095,,,
44,0.19463138282299042,0.009559839455928245,1.0631493051943521,0.000587031134969187
45,0.12168845534324646,0.008273020510684568,1.2688121189555264,0.0006190662584526377
46,0.6949276328086853,0.5054685596959543,5.984132167761928,0.1908749328723316
47,0.20704174041748047,0.01704496922933081,4.011863997634583,0.0006724475053621595
48,0.10728663206100464,0.0039060122266602673,2.211883588774735,0.00035143440870561804
49,0.32705071568489075,0.023420084827488176,1.150027606045473,0.005657281798123275
50,0.10476242750883102,0.009704093406480666,1.1568534055952182,0.0013649762331709727
51,0.24746257066726685,0.008448347015333276,1.8472593594355005,0.0005079749923514362
52,0.18356525897979736,0.006295012325979132,1.6350694173636178,0.0004029880790804003
53,0.14846307039260864,0.011576522004887731,1.6212125312105512,0.0006816302266753477
54,0.32760411500930786,0.012394835830394796,5.03752695975055,0.0011813436524241968
55,0.12704508006572723,0.0036531092131921175,1.116485627520735,0.00018688040844015388
56,0.07120117545127869,0.00440807350799769,1.2971933094217105,0.0006470063834654251
57,0.174857035279274,0.007637981031662991,2.008268820710999,0.0006854629943458945
58,0.06509805470705032,0.005326229437960893,2.5974220398105907,0.001207123256619952
59,0.15158122777938843,0.0073838882917917304,2.0668188774452423,0.000618748022942936
60,0.19410771131515503,0.007816742925003691,1.6916591779558146,0.0008302107323783414
61,0.08058150857686996,0.01124060355430681,1.3240199946561864,0.0017527208468465138
62,0.06314882636070251,0.006495386706234808,1.4519047095484094,0.001228794893483103
63,0.05436087027192116,0.0026697451259035873,0.7292356793522756,0.00018398856981939086
64,0.14997859299182892,0.00830008059604031,3.1150742412453964,0.0006493794576083591
65,0.2591009736061096,0.016328810441108652,1.5221340059795765,0.00089560192490636
66,0.11176814883947372,0.007781661962454963,2.389120795513853,0.0005846709277930332
67,0.24943330883979797,0.011814245790506061,3.5042446731923524,0.0008179145627735976
68,0.1261497288942337,0.007248303193494038,2.0827923467774023,0.0009007523125654545
69,0.11378027498722076,0.007446746080662134,1.8378940399242896,0.0008679000219657163
70,0.06875056028366089,0.0033909261991436957,1.222975963637715,0.0002665676309943089
71,0.08066373318433762,0.0026161101018511274,1.7430525500056753,0.0002820290898781066
72,0.17100979387760162,0.005093696933834742,0.7920136709238443,0.0004432708200631465
73,0.1162690743803978,0.005308251508567363,1.176359593698104,0.00034659959950086606
74,0.18089833855628967,0.014271337043313794,2.6062364681116392,0.0019351360849876363
75,0.09112151712179184,0.004314603699334664,0.6391242999042276,0.0004271083400696487
76,0.10098953545093536,0.004790720198564819,1.4053252368989109,0.00041235070724200836
77,0.1213761493563652,0.008873117754199928,1.2542913085624006,0.0010305918981281168
78,0.08776276558637619,0.006044474361048966,1.6265742467343227,0.0009089742439948719
79,0.07026339322328568,0.002085616705372581,0.8720156526712673,0.00014790221800620363
80,0.05661963298916817,0.007358334939952025,0.8992192452922868,0.0012661842688581509
81,0.10742661356925964,0.0050365400427914144,0.7369508873968464,0.0003166574733800862
82,0.09906484186649323,0.008986396310165424,0.8783529553598917,0.0009163338326289016
83,0.3766375184059143,0.010968302266541576,4.546928675544862,0.0009957919167402469
84,0.19682687520980835,0.012063703865852118,2.407079408368476,0.0010472027232659013
85,0.21647268533706665,0.004950462289643702,2.0592258163325665,0.0005620569466094391
86,0.08736265450716019,0.01132833204532315,1.301586237975789,0.0018758638751926733
87,0.23475605249404907,0.01897702600734236,1.9067698063672638,0.000839228943437167
88,0.10352040827274323,0.004332615518472097,1.130556192834099,0.00038211495900525294
89,0.08966482430696487,0.0043788933947759455,0.9178554533089437,0.00043609014421377
90,0.09518038481473923,0.0037221723323185188,0.6714766482669954,0.00044841228644657753
91,0.16119436919689178,0.0017738352400526475,2.0035045766313404,0.0001959318944040194
92,0.10620307177305222,0.00490097648507293,1.090694104748224,0.0005238239736569048
93,0.07418661564588547,0.0033703930676899636,0.933371896446733,0.00025276121226828867
94,0.11663791537284851,0.00582539920529676,1.9281821050121213,0.0005630785361905673
95,0.09664862602949142,0.003954329872054132,1.2726539419138638,0.00029838630958030517
96,0.2924230098724365,0.021340579302813568,3.7037495666375735,0.0009802971658788705
97,0.06916500627994537,0.0022204274769461606,0.6752785648843012,0.00011226405303040001
98,0.05411212146282196,0.00452322295104206,0.7371313640768277,0.0004771489041917987
99,0.070001520216465,0.009851401310963051,1.014018646324878,0.001391865080286204
100,0.14253178238868713,0.010161791479582433,1.8038212803026552,0.0010892451406583174
101,0.2071497142314911,0.008930475059446871,4.950422389327638,0.0007675073149756951
102,0.06410245597362518,0.004277841376045485,0.7486466607626643,0.00045779375074476677
103,0.07089179009199142,0.004715981501623597,0.7495874509456177,0.00039051933540762787
104,0.044872529804706573,,,
105,1.0506407022476196,0.25188105673548844,7.698894519420863,0.03386233645851134
106,0.0644974410533905,0.004549309880604035,1.0214425757906072,0.0004482048101993458
107,0.0640474408864975,0.005440940243951859,0.9287566804295584,0.0007032982817784815
108,0.04197261109948158,,,
109,1.1232458353042603,0.5091662043358673,10.013747478827652,0.05923424374213658
110,0.133431077003479,0.010717360487998668,1.6610124767807402,0.0013400938030199026
111,0.28264012932777405,0.0315545074671671,2.767065905321447,0.004852950518525046
112,0.07757464051246643,0.013051326447802195,1.9282674220636438,0.00281462556792529
113,0.19472935795783997,0.00379889383505821,2.015427798539627,0.00022115697024858703
114,0.18860694766044617,0.009646346460613109,4.649568445335391,0.00036355443401272087
115,0.09308595955371857,0.007803736387372064,1.6727432535465694,0.0008376473839697086
116,0.05740303546190262,0.0025595189245739823,0.5728830149789977,0.0001581759735936814
117,0.16072291135787964,0.008221021372998594,1.0147660578100166,0.00034966333139235974
118,0.26975736021995544,0.018592012855775466,5.025493835556126,0.0009130522874599663
119,0.12570147216320038,0.002322714495326133,1.2200829855317845,0.000129558457408518
120,0.09913226217031479,0.010639068510032882,1.363673647122381,0.001904999860635073
121,0.20817933976650238,0.02776596841730337,2.129889263542416,0.0023582009971336334
122,0.15507444739341736,0.012369542811111547,1.2105692705197504,0.00038378770424135655
123,0.14853963255882263,0.003910171347356692,2.219116870336821,0.0003959959744188705
124,0.17243285477161407,0.005652622786382239,2.3818324634441503,0.0007289557765184183
125,0.12116410583257675,0.005815027337311248,1.0085933539244423,0.00033762603605660193
126,0.12400157749652863,0.006478641240310643,1.007252546028412,0.0007106654451971605
127,0.08601319789886475,0.005992703104083188,1.3601019678715702,0.0006976103800336821
128,0.2177104502916336,0.01738467243999067,3.633027480272185,0.0009525708803433047
129,0.10252641886472702,0.005745649797701762,1.3626610203879246,0.0009404736398124573
130,0.18115635216236115,0.007897444203330137,2.2273913246029657,0.00029136547135900947
131,0.33011648058891296,0.09090800779380485,9.43710852203171,0.01585116938250667
132,0.2987211048603058,0.016166284703217605,2.6103306475936074,0.0011842819605955394
133,0.2786644697189331,0.019537420009663062,2.672455372959062,0.003208142512775303
134,0.11846836656332016,0.005382875902421618,2.1881025223343276,0.000340628914349546
135,0.19469358026981354,0.012911827776080954,1.5167332715143549,0.0006254774429294467
136,0.20763783156871796,0.006951988607192649,2.610748044870788,0.0007473667060542539
137,0.1623929888010025,0.00797348393485462,0.9562280786773659,0.00046060828035552156
138,0.21248653531074524,0.012425514782733937,2.857537528988719,0.0005773158750699705
139,0.18091832101345062,0.005898706347234751,2.519336841715291,0.000422341350452952
140,0.06138477846980095,0.005585282121394872,2.876622856274584,0.0007894348577850101
141,0.07395359873771667,0.006780735872623486,0.8071484305128446,0.0007334928332417591
142,0.11354197561740875,0.007632251800485809,1.8660173434450733,0.0007571141174252421
143,0.09976973384618759,0.0070081188908438985,0.7441901407966898,0.0007588050661136671
144,0.11683003604412079,0.004318438230085658,0.8923402732501414,0.00022244876141888973
145,0.1915983259677887,0.009396667105841945,1.9879570807532525,0.0008508248874391696
146,0.11956627666950226,0.0064458041706294345,2.434457305091557,0.001068988684327306
147,0.1492806226015091,0.010224054767454374,2.5516541322674255,0.0007836879533419482
148,0.1446988582611084,0.010420940565381351,2.4116511189082352,0.0008905493114246693
149,0.9308823943138123,0.14000660449144783,3.737889937898048,0.07385128231746028
150,0.2976893186569214,0.02474783867887419,3.199607477687254,0.0018204320202557225
151,0.4200664162635803,0.09938153488335799,3.476344079840674,0.06111741189151964
152,0.06962808221578598,0.004353643923192653,1.152706418010295,0.000462919001014477
153,0.060926079750061035,0.003500154570153395,0.6382220311944233,0.000303752339437299
154,0.17447787523269653,0.018127121839152043,2.1565621308596485,0.0019917768163447884
155,0.06067488715052605,0.009466147930014907,0.7561662342930189,0.002530139387930433
156,0.038967229425907135,,,
157,0.12382742017507553,0.01240587316121615,1.278653729123224,0.0007781964853976532
158,0.12828803062438965,0.004404525755145924,1.1309979833398034,0.0002437217894201284
159,0.23124660551548004,0.014363460152459883,2.223166886757747,0.0007247130103985213
160,0.3987588584423065,0.018216223587724505,3.6532508435161337,0.0017980550891281081
161,0.3354048728942871,0.06194120712441997,4.93300363535055,0.010075679523919306
162,0.07756030559539795,0.0026527680052743554,0.7981009615056252,0.0003476719122160356
163,0.12376777827739716,0.005523668635014676,1.0207643422781394,0.0003789785003471472
164,0.15695008635520935,0.01513956312787973,1.3948128665188362,0.0008042573115983463
165,0.5587320923805237,0.04857964856976807,6.650369911398174,0.008905150812842117
166,0.18374188244342804,0.01194010334042091,2.0616377202470595,0.0008370969843085661
167,0.08153612166643143,0.004973678609539392,0.7911432895210193,0.000387253381663745
168,0.36988556385040283,0.03820998031109,4.681877809641336,0.002986712062494096
169,0.21316346526145935,0.010498085248247926,2.354559907670647,0.0007443100109261199
170,0.0874481201171875,0.0055132464864243004,1.146174514068796,0.0006986586927969688
171,0.17607593536376953,0.013004592974059198,2.197258618908967,0.0012502058655289607
172,0.1539319008588791,0.006014991479926206,1.4761619085013966,0.0007259916660284029
173,0.09354236721992493,0.00567193726107879,1.2281814634741395,0.0006758504075415451
174,0.32851484417915344,0.013488083115378722,0.5952837987754419,0.0018341991745303443
175,0.14883063733577728,0.008519256523977699,3.3189996469507563,0.0008248838210285866
176,0.308135062456131,0.030101642782955837,3.0284864109948413,0.003937313372979023
177,0.08942032605409622,0.006081183866874378,0.8271488985837235,0.0006079854629754924
178,0.2328147292137146,0.010217718234435645,2.2600101381189726,0.0007215119893134246
179,0.23441863059997559,0.014396946194907893,3.7271064891194468,0.0008436405457079921
180,0.1642124354839325,0.005127464306770617,1.2285469839546554,0.00029011013000701806
181,0.18085409700870514,0.010349171046156664,1.4248188685769532,0.0009414556496680734
182,0.11504758894443512,0.005302035439070572,2.2819659194216,0.0009891977045748688
183,0.021820977330207825,,,
184,0.0452364981174469,,,
185,0.11743887513875961,0.004270026822605184,0.7690524437865398,0.0003870921766965843
186,0.18246670067310333,0.017569953128435928,3.190694676366486,0.0014431614789389058
187,0.1384180337190628,0.005625351353763009,1.5582659314483522,0.00026441517027039066
188,0.10776320844888687,0.002788641924486259,0.9134644911958951,0.0002256588273603884
189,0.10264170914888382,0.011008156149274424,2.442764196477732,0.002782608966576418
190,0.09015277773141861,0.007185659160350876,0.9830335276776224,0.0012158108537848383
191,0.05744602903723717,0.006589023985579391,1.063502866345621,0.0010291925341156657
192,0.16813622415065765,0.017338864769178532,1.315518009241164,0.0015113423386102498
193,0.20827658474445343,0.02731059651304524,2.4413007756727008,0.0014747253153830756
194,0.5279960036277771,0.18955698393894968,5.298014618361254,0.02162049666277079
195,0.1136256530880928,0.0039349060825570855,0.8470954115972973,0.00021975332003373307
196,0.05722745507955551,0.0034990024772975324,1.0759904707496057,0.0003574213394715971
197,0.14914610981941223,0.006179319131007235,1.5903717237517006,0.000550112932734247
198,0.16691641509532928,0.01774190154831227,2.984757689694184,0.0009236831918175385
199,0.2203391045331955,0.011014998981703035,3.7255604692870596,0.0009449690033040219
200,0.40935027599334717,0.02216374086380767,3.8605140090822903,0.007484382367904841
201,0.025459012016654015,,,
202,0.10475326329469681,0.005384555932020499,2.7041991883525696,0.000361669760113386
203,0.11074412614107132,0.009485403229117029,2.13412936547655,0.001222220759777318
204,0.865139901638031,0.3455177648930526,9.160842438859484,0.05042893105837258
205,0.19883842766284943,0.00911817016249557,2.640566893761046,0.0007901180738786032
206,0.08396141976118088,0.004045492789457199,0.7658863630714977,0.0003143730679880408
207,0.031085263937711716,,,
208,0.2397373467683792,0.01833798639395625,2.320255668849748,0.0017104570647036824
209,0.2125900685787201,0.01641990292254228,2.3517423034474,0.0007188359157239297
210,0.07714927196502686,0.0029009185737389072,0.5560952899963979,0.00014708831198506438
211,0.4654408097267151,0.07856639472972494,12.415068766895596,0.00609743055008023
212,0.15363247692584991,0.005456703255392722,1.143061208591918,0.0004183321045742557
213,0.08719394356012344,0.005357845873093989,0.7629808755441465,0.0005127474455838905
214,0.3577474355697632,0.019556265242689,5.723596737837847,0.004155078829364132
215,0.3775506913661957,0.0371326832841311,6.1828892215299085,0.009946872160554867
216,0.1048433780670166,0.004151622777751603,0.7665179525150647,0.00027660178961638656
217,0.09830564260482788,0.004699585297177643,1.4741852253316907,0.0005748947334362738
218,0.20942527055740356,0.015166610321476107,2.5524701015596807,0.0009247044482294508
219,0.2448105365037918,0.027770315830285917,2.661630867413564,0.0013741606205864712
220,0.09545448422431946,0.009531050872514326,1.5887287568039856,0.002124017769119668
221,0.12361852079629898,0.008400978354154882,1.1127016666908172,0.0010118922170444177
222,0.2537064850330353,0.010776996713074232,2.7549072665748797,0.0009736473956937175
223,0.059883568435907364,0.008548180367795253,1.7248645139453833,0.0021959119764189123
224,0.05284877493977547,0.0034538100080890102,0.8632406586354757,0.00034074351077988195
225,0.04702019691467285,,,
226,0.6600049138069153,0.3311519574326617,5.993450064424045,0.055930667481207084
227,0.09612185508012772,0.004186763838148784,0.9592237490794193,0.0007722162835861969
228,0.22256524860858917,0.0033799415025678008,2.1597974887233318,0.00032356133541433453
229,0.24588029086589813,0.029265010160838982,3.1551322541503612,0.0015210698698827328
230,0.14032945036888123,0.0057103000929097,1.227663729687613,0.0008093927064328635
231,0.10569051653146744,0.003199768415918349,1.54328873809312,0.00017421932452239177
232,0.050096750259399414,,,
233,0.08783802390098572,0.00529655997723073,1.0577226834444555,0.0006016723135552469
234,0.17406266927719116,0.02088002646344463,2.9512321049757464,0.0012538941684706482
235,0.1990896463394165,0.010544095790998461,2.050883043021725,0.0007856337295934593
236,0.10454359650611877,0.006626830199101598,1.1846681425200458,0.001206950081284697
237,0.1427602916955948,0.005960041328714934,1.5677613666776575,0.00031234373307913963
238,0.54155033826828,0.09044646840067978,10.812809388809,0.006934893969614998
239,0.1317160725593567,0.008075359150479447,0.6140859346285975,0.001304184819476392
240,0.09406817704439163,0.0055585944149862294,1.030786622845073,0.000777732448161677
241,0.19067329168319702,0.016251829083809104,3.6323641947877054,0.001152769533035766
242,0.08103540539741516,0.005001864059918433,0.933688781074384,0.0005776714976496274
243,0.07251439243555069,0.002167275701519449,0.7129914824478881,0.00011708744596359144
244,0.36150383949279785,0.01895274430075482,3.680466800995455,0.0023007300944113043
245,0.1987631916999817,0.018099648297393956,3.098990745786469,0.0008317252672005357
246,0.0971439778804779,0.007454202373461093,1.3537273057243433,0.000618357423301015
247,0.06783068180084229,0.006908663287501563,1.0028867634030518,0.0009972136576953635
248,0.14456689357757568,0.0075803601413022195,2.040417417517907,0.0012757825226029722
249,0.16098126769065857,0.006386824943882189,0.7369953618032437,0.0003218793190446202
250,0.026734966784715652,,,
251,0.13713964819908142,0.004017753932944969,1.2542182422743744,0.0003468239518573767
252,0.11077862977981567,0.009514665314820706,1.0598965337568087,0.0019524713192328451
253,0.2291804850101471,0.025591188210798935,4.400647153536036,0.000977939757311917
254,0.11115603148937225,0.0025824091050218366,1.2721225661334017,0.00016877880873504003
255,0.19160737097263336,0.01428927470564174,2.043462896433033,0.001402351615283109
256,0.11621616035699844,0.0033854594113319524,1.337746217620248,0.0003244000437047206
257,0.21082644164562225,0.014593239059109156,3.421730299589418,0.0008080817802710253
258,0.145282581448555,0.007390752162614776,1.1562033415064743,0.0005359734888280114
259,0.6568243503570557,0.1321763489060966,6.511463279937115,0.02246458474921145
260,0.21750928461551666,0.010784257121698046,1.6841497033743191,0.0006688777821307146
261,0.030039077624678612,,,
262,0.11597660183906555,0.00964681490770299,1.8386583186545664,0.0014801556790896954
263,0.4927327632904053,0.1168102767300221,9.681001590833436,0.027074955851936835
264,0.09361627697944641,0.008005892424307272,1.1030646357927734,0.0015080631006983464
265,0.04800176993012428,,,
266,0.08923972398042679,0.004847156611092965,2.758052716258298,0.0009459338089478993
267,0.06013404205441475,0.00407836142221157,0.6823684880142534,0.0004386057226631903
268,0.05056289955973625,,,
269,0.11545606702566147,0.011123401627301412,1.8989252511793588,0.0006702373456833901
270,0.01949920691549778,,,
271,0.11759108304977417,0.005817967882620727,2.3301019798727527,0.0007007960455709787
272,0.033138807862997055,,,
273,0.12356207519769669,0.004093704465056403,1.8470139313873992,0.0008769717486431699
274,0.30095404386520386,0.010242018654635431,2.256381712300888,0.0019028646011468632
275,0.26541638374328613,0.023411918538707645,6.809927527409212,0.001385866848756825
276,0.3053358197212219,0.02847492713161973,2.83333086085795,0.005655765025881532
277,0.08578496426343918,0.01003147208757,1.7537076259590068,0.0019110750441845377
278,0.1988118439912796,0.013215345635131513,1.8594476130777664,0.0010334570904997806
279,0.15185754001140594,0.01827896368612244,1.7314145456842405,0.0018183456135472953
280,0.03333614766597748,,,
281,0.03641689568758011,,,
282,0.06401592493057251,0.0027991553399599176,0.8394853896208077,0.00013768720134230809
283,0.19660025835037231,0.006881263088332888,1.9411870214024518,0.0007124853698692125
284,0.19539131224155426,0.03909397392858222,4.481762660924223,0.0026387425342299
285,0.2402234673500061,0.02540540696399866,8.424867906898696,0.001353314151558082
286,0.16239488124847412,0.010769535881984083,1.9087203529340493,0.0006442097669878525
287,0.19812774658203125,0.007221507020083442,0.9614571747452841,0.0004038569418468853
288,0.0476803183555603,,,
289,0.1328728199005127,0.008516222958246252,1.6577598067786994,0.0012608752100766215
290,0.1760633885860443,0.006228790166553033,1.0657724327441853,0.0011776245664608543
291,0.0990016981959343,0.005772799143219512,0.855381858656118,0.0005610539867225427
292,0.05437018349766731,0.005811682268335299,0.9824624304544737,0.0008402418215012215
293,0.1285015195608139,0.006178155928661763,1.164119083349178,0.0003248473776437459
294,0.13074761629104614,0.005859072755133905,1.0920243860803338,0.00026920271871002846
295,0.022477589547634125,,,
296,0.07526431977748871,0.004035629116558083,0.7458204615187524,0.0006058710306019136
297,0.19800926744937897,0.008360875314974005,2.531966377835029,0.0008389089071045115
298,0.11539912223815918,0.0038084644183050335,0.948143108387749,0.0005051684202641998
299,0.0592995211482048,0.003726166189319606,0.8274090940825437,0.0003111486722111597
300,0.1415732353925705,0.012718499629586327,2.500445767363508,0.0015379754547382276
301,0.0625959113240242,0.003497710029933955,1.4674849687703124,0.0005120888355807915
302,0.10558432340621948,0.006435483507184745,1.6909433600970531,0.0005435101251549856
303,0.1108703762292862,0.0053946636996270135,0.9759539412113458,0.0005048763836863635
304,0.09897008538246155,0.004954366085361831,1.469050550983543,0.0006669265254718868
305,0.11168425530195236,0.0055798179260726,1.538454103142821,0.0004911390895511339
306,0.28099021315574646,0.01696300083897691,3.5232179477693353,0.0018061368993792966
307,0.37181028723716736,0.04829609015832764,7.210420949614177,0.0074061852314128976
308,0.08676360547542572,0.0036976834861238094,0.774082688061289,0.00023273336869692414
309,0.1999695748090744,0.007738340603833595,4.185706964686377,0.000491186896913373
310,0.2332638055086136,0.013197260140678692,2.6151093128521756,0.0006935651138425388
311,0.1608358472585678,0.015260138121302945,4.6000202306126345,0.0023755594646268133
312,0.11980738490819931,0.003919620316955268,0.9821783712294384,0.0003528564128825548
313,0.169095978140831,0.008926642536441884,1.827567101441036,0.0007386260270342084
314,0.4477696716785431,0.14475624189765626,7.3390966591915,0.04205608533341943
315,0.13956958055496216,0.004097796656563165,1.5752559372220192,0.00030526135554222227
316,0.06778176873922348,0.004733030674780473,0.8866067122474423,0.0006896497630068939
317,0.23650047183036804,0.015334178532161373,3.601707235358614,0.000952240287957557
318,0.1083499863743782,0.013754619176596818,1.2207047354476457,0.001691921862399117
319,0.17587697505950928,0.015294916991393109,2.1728022602811032,0.0006465453551277476
320,0.21569786965847015,0.008057075081165207,3.3148633978952065,0.0005101134930107859
321,0.08290930837392807,0.005554528831174156,1.0563520922970464,0.0008326462917982352
322,0.09001056849956512,0.0029899721117234886,1.4656956478021383,0.0001499555991855169
323,0.22822606563568115,0.011839414202435308,2.513454132428982,0.0006750600559120518
324,0.11097566038370132,0.004790811529006509,1.1544446773645018,0.0006521300249545292
325,0.13356518745422363,0.012933305907723179,1.7808491675053806,0.0014863648963509587
326,0.3309512734413147,0.021844406471211913,3.152269960758951,0.0029889843718437937
327,0.1299901157617569,0.006951870524173444,2.2065215697168568,0.00043448083259879416
328,0.34319213032722473,0.044772883338562566,2.1056900797828533,0.012383144404914552
329,0.09278164058923721,0.005557704460565693,1.3581532439926587,0.0009299089558253909
330,0.08734205365180969,0.0046371573793454555,1.13022846158025,0.000702323159606994
331,0.4149216115474701,0.06715848627202878,3.893821353357307,0.007958528780869651
332,0.43339768052101135,0.027442113590764882,5.407604116827555,0.0015089433188567665
333,0.12702946364879608,0.005154525671997353,0.8481581720546558,0.0005636564539026406
334,0.11441256105899811,0.009133787232117925,1.079232747528471,0.0013635782186397281
335,0.0929248183965683,0.008156435466839711,1.0457815845852365,0.0009048090031942827
336,0.18798372149467468,0.011106100161038,4.705483417505192,0.0004836692905804086
337,0.2500407099723816,0.0196743221399444,4.085352170209647,0.0008634769840069167
338,0.10866989195346832,0.006048612836478686,0.7513577905048238,0.0006746544808072658
339,0.11925237625837326,0.008335642349743697,2.7031376059010634,0.000934150691200561
340,0.07034964114427567,0.0021960594686350134,1.0937257273906014,0.00022082541185034882
341,0.10670632869005203,0.00848457165339368,1.2853502673407695,0.0011289565476810656
342,0.09404803812503815,0.009191006816357821,1.329462270852501,0.0012104547308039743
343,0.3151799738407135,0.007580293383221073,2.1748132074808653,0.000717109929893097
344,0.09497075527906418,0.006837257168280623,1.239726233839955,0.0005726754011250963
345,0.04927223548293114,,,
346,0.4553321599960327,0.04015850403128243,9.956621075877676,0.0032465053677104326
347,0.044761765748262405,,,
348,0.15884929895401,0.00417941900384981,1.4098542819971231,0.0006057584644190761
349,0.09878473728895187,0.009207780138065521,2.3127396560759914,0.0012671224560249269
350,0.09905307739973068,0.005678593480136783,0.8614744831705049,0.0006330254404170947
351,0.0770525336265564,0.0048901404147151765,1.4259895490694012,0.00048651297882677753
352,0.4116872549057007,0.036494270544821225,7.734198949779886,0.0040771332340466164
353,0.08015257120132446,0.004753403145755621,0.9213105006444771,0.00035346970161486183
354,0.10113435238599777,0.005255235622985156,1.6743945900941004,0.0005517284276196575
355,0.15728330612182617,0.010146068964554758,2.555488671718052,0.0006310873955867309
356,0.023539720103144646,,,
357,0.4063107669353485,0.041013916053545534,5.805624051517144,0.005776430643912027
358,0.0964912697672844,0.0030928558883314902,0.5651245587705529,0.00017027267654380805
359,0.4106012284755707,0.028027189360450754,4.8152370490336285,0.0016712394360024333
360,0.13229894638061523,0.003132153169723626,3.127270098392739,0.00022832249848142146
361,0.21218988299369812,0.006021544089235786,2.098662157099696,0.0005541925578866429
362,0.07090312987565994,0.006620501311839262,1.033317096370754,0.0008674112957622208
363,0.06793171167373657,0.007684221123546246,1.2227748172089756,0.001707080747555091
364,0.1431860625743866,0.012301364891395404,1.8157337819040442,0.0005471288670499764
365,0.1841769963502884,0.02669433882143217,3.9237212938329744,0.003212599695068949
366,0.3379972279071808,0.026460856252061328,3.7665605374013236,0.00356362656586396
367,0.11373859643936157,0.009870305484431552,0.6099716606892319,0.0007517519089155667
368,0.33003538846969604,0.015065042668634022,5.313002057809223,0.001093695864875236
369,0.05673252046108246,0.0023532307293816636,1.0032831985171349,0.00018749888023081854
370,0.14303874969482422,0.005704006610750715,1.2926997327594307,0.00022023368941508214
371,0.1986476182937622,0.0070598105324831215,2.013667180739503,0.0005671516740884263
372,0.13175906240940094,0.009093005871114546,1.8533492218379,0.00046868088373028136
373,0.13901448249816895,0.008318022481434848,1.207621834638863,0.000385065705569646
374,0.1720535308122635,0.004536009610566744,2.0595422315719163,0.0002111831425319324
375,0.2613682150840759,0.015004978578450097,3.9254429034994427,0.0015285902270320343
376,0.11443760246038437,0.005417019019699257,1.2628375896115256,0.0004015920654016839
377,0.13491573929786682,0.007583586354494269,2.6116571158600257,0.0009518870755462832
378,0.11476226896047592,0.004252963376614042,0.9485174478968588,0.00037132417302795554
379,0.09544691443443298,0.006987928261456225,1.63839559057587,0.0007045131931345479
380,0.10068326443433762,0.007561403069201709,0.8733269888532753,0.000696425012856174
381,0.08880046010017395,0.007232776170957922,1.8966129588262417,0.0019404127329484863
382,0.10763675719499588,0.00602800167455311,2.1451405604633194,0.0005573916101955916
383,0.04428857937455177,,,
384,0.20442575216293335,0.011176699674202987,1.885922999870649,0.000839789954778537
385,0.33554568886756897,0.013098575602192563,3.4990352497980544,0.0010993550307915804
386,0.46696022152900696,0.20832566587520057,7.640243067885138,0.056101619019589204
387,0.1590576320886612,0.010332702531166539,1.8200827045907397,0.001212614632269036
388,0.1402599811553955,0.011208697538277789,2.9279300536203117,0.0016422441670779198
389,0.19383417069911957,0.007174399494195842,2.609271950870687,0.0005932951943870555
390,0.13939785957336426,0.0064263094460771785,1.791607787822039,0.0007972794831072705
391,0.1920011192560196,0.025141535882822426,2.563470499190716,0.0015332787249768194
392,0.10301211476325989,0.004869894324345978,1.8429918938474374,0.000556351718090092
393,0.07393685728311539,0.00499232545841397,1.4498743709805122,0.0006645070020374017
394,0.0628703162074089,0.005090379156760081,1.4820465439304757,0.0008031437805487772
395,0.1589718759059906,0.011836949027927875,2.3066817323626125,0.0005945314157219209
396,0.2080828696489334,0.01766666638659703,1.867889815131883,0.0014639498038527758
397,0.29596391320228577,0.026006258321758555,2.554485697962922,0.0028824426993199854
398,0.0827302560210228,0.0019128452952866318,0.871330215683484,0.00011146882246273611
399,0.12470568716526031,0.008176711653699454,2.90028240449538,0.00077279189910922
400,0.207368403673172,0.013659710110580522,2.608265316077379,0.0009986242019657803
401,0.2304525077342987,0.01572629737600574,4.131513992968413,0.000566911747250163
402,0.19124910235404968,0.009358236790183628,2.344215919848853,0.0010205860022827753
403,0.292354017496109,0.024720257967368115,2.480507436971345,0.001801324851991852
404,0.19270505011081696,0.01021355647057264,1.8292655383545466,0.0017300632604437453
405,0.02078821137547493,,,
406,0.11355213820934296,0.004494250601686485,2.363637088056017,0.0003152843338010921
407,0.12752681970596313,0.007401226967688545,1.2892221161290858,0.0009216748027888453
408,0.06413987278938293,0.00516560280044402,0.8917683186846568,0.0006189517024107546
409,0.10379739105701447,0.010448870326448869,1.1099276320149631,0.0014308322945156737
410,0.17967462539672852,0.02249546605254904,5.435331085413268,0.0013712773770791578
411,0.1137784868478775,0.004781475107535718,1.2796873722546205,0.00042745700533045023
412,0.06675222516059875,0.0027014552996881356,0.4982555414246878,0.00012855083552646145
413,0.12568998336791992,0.0052356273049069405,0.8602408530128665,0.0004683317359116116
414,0.07444413751363754,0.008426863889114252,0.9381903453672609,0.0012711856757000358
415,0.09719710052013397,0.01033988917086154,2.082182787345279,0.003654909924592455
416,0.2624470591545105,0.014900435558674407,5.362337356837289,0.0011404593948726141
417,1.372051477432251,0.2784002459051959,10.26517493699616,0.04879388923459186
418,0.11431539058685303,0.004508697146362332,1.2717221869930382,0.00025988529921515624
419,0.12046001851558685,0.007643023557994799,1.0056243863749044,0.0005453809356325114
420,0.17494243383407593,0.007068667093532485,2.642202755951374,0.0007019682209014695
421,0.12064157426357269,0.011175146007484019,2.047561184306394,0.000939745992821028
422,0.15256541967391968,0.005607581409143401,1.475331988702047,0.0008656003142708244
423,0.14150771498680115,0.0037685461224848324,1.061282429838812,0.0003206363430953443
424,0.1572587937116623,0.009583067855188226,2.4164894909437318,0.001166447334825557
425,0.3770436942577362,0.04978971956415869,3.528746905881788,0.016829720269101355
426,0.09311746060848236,0.012617307190198221,1.5002369777946483,0.0026075817517955523
427,0.06569284200668335,0.0032556422095909522,1.1408618748892756,0.0003595188135421234
428,0.08455196022987366,0.004208351398321932,2.0415694432435307,0.00033207365649793295
429,0.26349347829818726,0.01596433165671652,3.549568738845195,0.0013141242879361984
430,0.17850153148174286,0.00633310896268911,2.0692640466973407,0.0005498740281827004
431,0.10097000747919083,0.005480297941986977,1.1225480416512483,0.0002725595320559919
432,0.0142494086176157,,,
433,0.06923025846481323,0.004126025765937095,2.1072223069355354,0.0006671143772297177
434,0.06092075631022453,0.004145828031086216,0.7868451486264463,0.0006171400816463728
435,0.06980650126934052,0.0026923534602199695,0.8267117047256854,0.00019187609777171063
436,0.034361716359853745,,,
437,0.46041926741600037,0.028607493335292805,4.496242104436089,0.006193925072163548
438,0.32128408551216125,0.0349437238134026,3.228225004566687,0.004586754457193711
439,0.4458710849285126,0.041477586785583144,7.063389075911537,0.00689284066503107
440,0.18040971457958221,0.009762992960064016,1.3227853204721074,0.0007044145379945419
441,0.2434249073266983,0.016864586317401748,7.016803711401655,0.0006244846026430127
442,0.2571033537387848,0.010997659696126127,2.6965916207589147,0.0006422848904351437
443,0.07941807806491852,0.006574467544307491,1.5814962046722476,0.0010114277679379243
444,0.06642709672451019,0.004940134873547235,1.8596274108423179,0.0009546078269589802
445,0.27463480830192566,0.009624938917814567,2.0973054393213872,0.001464004132102407
446,0.07658058404922485,0.004608595610860558,2.072965358200248,0.0003857963531985373
447,0.35378339886665344,0.021351112481400814,3.118726966166417,0.0024436753016158696
448,0.28365322947502136,0.012395494995783813,5.23275275053119,0.001409366620056284
449,0.7946388721466064,0.1358034281958085,9.348315809199644,0.026205958185399458
450,0.08168406039476395,0.006764377748374516,0.9261080642021288,0.0009913458543838322
451,0.08854997903108597,0.004968928738107633,1.122987648928914,0.0005418751616894983
452,0.15482427179813385,0.005391535704111155,2.082060902407758,0.00032049733859104056
453,0.13191087543964386,0.010036829136061411,2.115132583708417,0.0008197169309312367
454,0.2035893201828003,0.008550901882517024,3.5782903533634114,0.0007340869457281716
455,0.09335745871067047,0.008266906790368959,1.9027562053497185,0.0010230895145143157
456,0.21696537733078003,0.0184311595706238,3.9532794337948465,0.0011133961990125712
457,0.18035411834716797,0.009455578246016857,2.2053071915989864,0.0005006393227349076
458,0.4746781587600708,0.044832930743435306,4.664524866863712,0.01617632656133637
459,0.06621337682008743,0.004209944773105801,1.0304368234699097,0.0005043042341448777
460,0.07976963371038437,0.005369848081504595,0.8768302278083902,0.001141122718660919
461,0.36281779408454895,0.009031419887988779,2.9717734010871757,0.0019306506064422754
462,0.09198295325040817,0.0058255498242141155,1.524342577598771,0.0008673476247835097
463,0.018153386190533638,,,
464,0.18596088886260986,0.010621636092774292,1.6738188893619577,0.0009857619975097408
465,0.08821654319763184,0.006671929525714596,0.9642539283918573,0.000716826217260632
466,0.1278710961341858,0.00993955973903344,1.7253139552791932,0.001154918615004593
467,0.20905940234661102,0.011602767268003338,1.9785369698401218,0.0008609061257701288
468,0.1503692865371704,0.016287472939229584,1.507363471715707,0.000819319531352731
469,0.16223521530628204,0.007366104939117576,3.0961551825197002,0.00028636944764455735
470,0.05636455491185188,0.0049237280356076935,1.0585545042529962,0.0007436155661922412
471,0.05995745211839676,0.0028728151727448656,0.5678578037187428,0.00020912904909257206
472,0.049703411757946014,,,
473,0.11008469760417938,0.005258178774307976,2.6281757064745865,0.0005823840118806239
474,0.17929352819919586,0.013288997742972706,2.7851224542584196,0.0010185949819934185
475,0.30841508507728577,0.05672512708569615,3.5869997673056098,0.007353371173747599
476,0.06338755041360855,0.0021186295633028266,0.6886265140518713,0.00012638997820436644
477,0.2304832488298416,0.012429843756738366,2.5093945479876107,0.0009696587047033006
478,0.1634524166584015,0.008861044834409885,2.6215556429709013,0.000675727517348078
479,0.04934193566441536,,,
480,0.09061314910650253,0.00826690958744687,0.8238921155484371,0.0012114840225456746
481,0.20391671359539032,0.006827405562822899,1.8119731951585754,0.0004575245628240459
482,0.17444844543933868,0.028640656700839408,1.7880630694860424,0.0012546343373202216
483,0.09698957949876785,0.0017767955614237574,0.8948340554221119,8.601760825464128e-05
484,0.5713934898376465,0.1325986686839366,8.018879465096534,0.06281731631894363
485,0.18955811858177185,0.00891337886222245,2.017308804106812,0.0008340389658243336
486,0.10168197751045227,0.005801271340076603,0.9636539526631935,0.0007053597209220512
487,0.522386372089386,0.12556769754952085,6.926602014064274,0.04243832006940547
488,0.13610166311264038,0.011808715858725699,1.3691769408671521,0.0008644317899047398
489,0.14144805073738098,0.0075154977056552065,1.8099812620776363,0.0006072737384157557
490,0.11209771037101746,0.006301970324503126,2.671620800686125,0.0008963193457719854
491,0.08061540871858597,0.006424226307267178,1.6449210369549911,0.0006940639400377626
492,0.05586490035057068,0.002987269419953999,0.881038762067345,0.000247586391924483
493,0.4540324807167053,0.04472492901956608,5.33050025459198,0.0023828869166526026
494,0.25108686089515686,0.010720676376233682,3.8447484233078955,0.0011100311490680824
495,0.06510718911886215,0.004549796572868281,1.2579593073972763,0.0006220840876723357
496,0.329379677772522,0.008052368370157012,1.2746376760385114,0.000718230903470298
497,0.1531415581703186,0.008054493689343155,1.6199925104645907,0.0003465749695313498
498,0.14259257912635803,0.010099130833952502,3.116674333088645,0.0008268822290341097
499,0.21865388751029968,0.013450183250268933,2.8792780642306384,0.0011558648777272066
